{"branch_id":"8950af26-fa82-4f45-b022-506536e952af","name":"Xcee-Project by Sourabh Sundriyal","created":"2023-11-14T11:28:19.373Z","settings":{"physics":{"gravity":[0,-9.8,0]},"render":{"lightmapFilterRange":10,"fog_end":1000,"lightmapFilterEnabled":false,"ambientBake":false,"tonemapping":4,"lightingAreaLightsEnabled":false,"lightingShadowType":0,"ambientBakeOcclusionContrast":0,"skybox":197133831,"lightingCookieAtlasResolution":2048,"fog_density":0.01,"lightmapFilterSmoothness":0.2,"gamma_correction":1,"exposure":1,"lightingShadowsEnabled":true,"fog_start":1,"skyboxIntensity":1,"global_ambient":[0.2,0.2,0.2],"ambientBakeNumSamples":1,"fog_color":[0,0,0],"lightingCells":[10,3,10],"lightmapMode":1,"lightingCookiesEnabled":false,"clusteredLightingEnabled":true,"ambientBakeSpherePart":0.4,"fog":"none","ambientBakeOcclusionBrightness":0,"lightmapMaxResolution":2048,"lightingMaxLightsPerCell":255,"lightingShadowAtlasResolution":2048,"skyboxMip":0,"lightmapSizeMultiplier":16,"skyboxRotation":[0,0,0],"skyType":"infinite","skyMeshPosition":[0,0,0],"skyMeshRotation":[0,0,0],"skyMeshScale":[100,100,100],"skyCenter":[0,0.1,0]}},"entities":{"e951fc60-82e0-11ee-9eae-baf4d5e490e2":{"position":[0.5683586001396179,0.15348052978515625,0.3607083601997374],"scale":[1,1,1],"name":"Light","parent":"e951e842-82e0-11ee-9eae-baf4d5e490e2","resource_id":"e951fc60-82e0-11ee-9eae-baf4d5e490e2","components":{"light":{"castShadows":true,"isStatic":false,"vsmBlurSize":11,"shadowUpdateMode":2,"normalOffsetBias":0.05,"color":[1,1,1],"bakeArea":0,"numCascades":1,"outerConeAngle":45,"bakeNumSamples":1,"affectDynamic":true,"intensity":1,"bakeDir":true,"cookieAngle":0,"affectLightmapped":false,"cookieChannel":"rgb","innerConeAngle":40,"shadowBias":0.2,"bake":false,"falloffMode":0,"cookieAsset":null,"vsmBias":0.01,"layers":[0],"cookieIntensity":1,"cascadeDistribution":0.5,"cookieOffset":[0,0],"shadowResolution":1024,"cookieScale":[1,1],"enabled":true,"shape":0,"range":8,"vsmBlurMode":1,"shadowDistance":16,"type":"point","cookieFalloff":true,"shadowType":0}},"rotation":[0,0,0],"tags":[],"enabled":true,"children":[]},"e951e842-82e0-11ee-9eae-baf4d5e490e2":{"position":[0,0,0],"scale":[1,1,1],"name":"Xceedance Project by Sourabh Sundriyal","parent":null,"resource_id":"e951e842-82e0-11ee-9eae-baf4d5e490e2","components":{},"rotation":[0,0,0],"tags":[],"enabled":true,"children":["e951effe-82e0-11ee-9eae-baf4d5e490e2","e951fc60-82e0-11ee-9eae-baf4d5e490e2","e9520d72-82e0-11ee-9eae-baf4d5e490e2","f7fd99b9-e3ec-4797-98d0-4671a1c40748","1c5e4c72-1b9c-4a6a-8f92-ee302a440c69","e952058e-82e0-11ee-9eae-baf4d5e490e2","8290d326-d582-4d2d-b5ca-5682f830f6ca","c47a66a6-fb67-4f19-a926-db8c1be1e24b","3b8aaf57-02c1-4b6a-b042-db7a7f83ccba"]},"e951effe-82e0-11ee-9eae-baf4d5e490e2":{"position":[7.78343679874131,1.9256986938785476,8.620870057870055],"scale":[1,1,1],"name":"Camera","parent":"e951e842-82e0-11ee-9eae-baf4d5e490e2","resource_id":"e951effe-82e0-11ee-9eae-baf4d5e490e2","components":{"camera":{"projection":0,"farClip":1000,"clearColorBuffer":true,"layers":[0,1,2,3,4],"priority":0,"fov":45,"clearDepthBuffer":true,"frustumCulling":true,"clearColor":[0.118,0.118,0.118,1],"enabled":true,"orthoHeight":4,"nearClip":0.1,"rect":[0,0,1,1]}},"rotation":[-10.199998214528259,27.599997919701515,1.7606928496638803e-7],"tags":[],"enabled":true,"children":[]},"e952058e-82e0-11ee-9eae-baf4d5e490e2":{"position":[0.0728774443268776,0.6874985098838806,6.288952350616455],"scale":[12.8,1.3799028885123636,0.44],"name":"wall1","parent":"e951e842-82e0-11ee-9eae-baf4d5e490e2","resource_id":"e952058e-82e0-11ee-9eae-baf4d5e490e2","components":{"render":{"isStatic":false,"castShadows":true,"castShadowsLightmap":true,"rootBone":null,"lightmapped":false,"batchGroupId":null,"layers":[0],"receiveShadows":true,"enabled":true,"asset":null,"materialAssets":[197193101],"type":"box","lightmapSizeMultiplier":1}},"rotation":[0,0,0],"tags":[],"enabled":true,"children":[]},"e9520d72-82e0-11ee-9eae-baf4d5e490e2":{"position":[0.014765578329999585,0,0.010771605186164379],"scale":[12.856164192835042,1.139653764526851,13.065857870230593],"name":"Plane","parent":"e951e842-82e0-11ee-9eae-baf4d5e490e2","resource_id":"e9520d72-82e0-11ee-9eae-baf4d5e490e2","components":{"render":{"isStatic":false,"castShadows":true,"castShadowsLightmap":true,"rootBone":null,"lightmapped":false,"batchGroupId":null,"layers":[0],"receiveShadows":true,"enabled":true,"asset":null,"materialAssets":[197193101],"type":"plane","lightmapSizeMultiplier":1}},"rotation":[0,0.3129443414470118,0],"tags":[],"enabled":true,"children":[]},"f7fd99b9-e3ec-4797-98d0-4671a1c40748":{"name":"New Entity","tags":[],"enabled":true,"resource_id":"f7fd99b9-e3ec-4797-98d0-4671a1c40748","parent":"e951e842-82e0-11ee-9eae-baf4d5e490e2","children":[],"position":[0,0,0],"rotation":[0,0,0],"scale":[1,1,1],"components":{}},"1c5e4c72-1b9c-4a6a-8f92-ee302a440c69":{"name":"Walls","tags":[],"enabled":true,"resource_id":"1c5e4c72-1b9c-4a6a-8f92-ee302a440c69","parent":"e951e842-82e0-11ee-9eae-baf4d5e490e2","children":[],"position":[0,0,0],"rotation":[0,0,0],"scale":[1,1,1],"components":{}},"8290d326-d582-4d2d-b5ca-5682f830f6ca":{"name":"wall1","tags":[],"enabled":true,"resource_id":"8290d326-d582-4d2d-b5ca-5682f830f6ca","parent":"e951e842-82e0-11ee-9eae-baf4d5e490e2","children":[],"position":[-0.002399240588374596,0.6874985098838806,-6.48506498336792],"rotation":[0,0,0],"scale":[12.8,1.3799028885123636,0.44],"components":{"render":{"enabled":true,"type":"box","asset":null,"materialAssets":[197193101],"layers":[0],"batchGroupId":null,"castShadows":true,"castShadowsLightmap":true,"receiveShadows":true,"lightmapped":false,"lightmapSizeMultiplier":1,"castShadowsLightMap":true,"lightMapped":false,"lightMapSizeMultiplier":1,"isStatic":false,"rootBone":null}}},"c47a66a6-fb67-4f19-a926-db8c1be1e24b":{"name":"wall1","tags":[],"enabled":true,"resource_id":"c47a66a6-fb67-4f19-a926-db8c1be1e24b","parent":"e951e842-82e0-11ee-9eae-baf4d5e490e2","children":[],"position":[6.206562906182602,0.6874985098838806,0.13345617055892944],"rotation":[0,90,0],"scale":[12.8,1.3799028885123636,0.44],"components":{"render":{"enabled":true,"type":"box","asset":null,"materialAssets":[197193101],"layers":[0],"batchGroupId":null,"castShadows":true,"castShadowsLightmap":true,"receiveShadows":true,"lightmapped":false,"lightmapSizeMultiplier":1,"castShadowsLightMap":true,"lightMapped":false,"lightMapSizeMultiplier":1,"isStatic":false,"rootBone":null}}},"3b8aaf57-02c1-4b6a-b042-db7a7f83ccba":{"name":"wall1","tags":[],"enabled":true,"resource_id":"3b8aaf57-02c1-4b6a-b042-db7a7f83ccba","parent":"e951e842-82e0-11ee-9eae-baf4d5e490e2","children":[],"position":[-6.233196290607118,0.6874985098838806,0.13345617055892944],"rotation":[0,90,0],"scale":[12.8,1.3799028885123636,0.44],"components":{"render":{"enabled":true,"type":"box","asset":null,"materialAssets":[197193101],"layers":[0],"batchGroupId":null,"castShadows":true,"castShadowsLightmap":true,"receiveShadows":true,"lightmapped":false,"lightmapSizeMultiplier":1,"castShadowsLightMap":true,"lightMapped":false,"lightMapSizeMultiplier":1,"isStatic":false,"rootBone":null}}}},"checkpoint_id":"b49c77fc-0a10-4e50-b0b1-2f17da25c98f","id":2078058}